timestamp,totalCirculatingUSD
2021-01-01,20935116985
2021-01-02,21165735738
2021-01-03,21269142057
2021-01-04,21365921518
2021-01-05,21801817637
2021-01-06,21999023184
2021-01-07,22474734200
2021-01-08,22851073405
2021-01-09,23583727384
2021-01-10,23913934009
2021-01-11,24329532341
2021-01-12,24685391833
2021-01-13,24351165459
2021-01-14,24425386977
2021-01-15,24162272324
2021-01-16,24279459849
2021-01-17,24367969508
2021-01-18,24281038720
2021-01-19,24365435402
2021-01-20,24236946768
2021-01-21,24718410858
2021-01-22,25018693185
2021-01-23,24811541182
2021-01-24,24712146512
2021-01-25,24802853572
2021-01-26,24964568822
2021-01-27,25139783880
2021-01-28,25307575273
2021-01-29,25350018070
2021-01-30,25103831303
2021-01-31,26168831343
2021-02-01,26483682759
2021-02-02,26472459964
2021-02-03,26762411109
2021-02-04,27038111736
2021-02-05,27502829455
2021-02-06,27873077234
2021-02-07,28300602949
2021-02-08,28528206626
2021-02-09,28948919015
2021-02-10,29626314075
2021-02-11,30196176794
2021-02-12,30677104900
2021-02-13,30976539268
2021-02-14,31500838668
2021-02-15,31831885538
2021-02-16,32125633437
2021-02-17,32357447861
2021-02-18,32413291911
2021-02-19,33167537656
2021-02-20,33964430062
2021-02-21,34545753091
2021-02-22,34510046446
2021-02-23,34939749133
2021-02-24,35025482933
2021-02-25,35416406690
2021-02-26,35083600306
2021-02-27,35581859982
2021-02-28,34808762267
2021-03-01,35568293656
2021-03-02,35495107615
2021-03-03,35948972275
2021-03-04,35821819941
2021-03-05,36557122622
2021-03-06,36387300593
2021-03-07,36572628505
2021-03-08,36652063182
2021-03-09,36499013028
2021-03-10,36984401411
2021-03-11,37185340231
2021-03-12,37666310374
2021-03-13,38267340840
2021-03-14,38386048842
2021-03-15,38533411509
2021-03-16,38650333128
2021-03-17,38779245187
2021-03-18,39118228142
2021-03-19,39177862565
2021-03-20,39574945993
2021-03-21,39864066950
2021-03-22,39868153344
2021-03-23,39921765429
2021-03-24,39614375577
2021-03-25,39829512767
2021-03-26,40280316222
2021-03-27,40271968382
2021-03-28,40515760357
2021-03-29,40836509536
2021-03-30,40496509481
2021-03-31,40726398262
2021-04-01,40828662356
2021-04-02,40865229034
2021-04-03,41813133068
2021-04-04,42475840765
2021-04-05,42516185636
2021-04-06,42515783762
2021-04-07,43138125471
2021-04-08,43154970746
2021-04-09,43907339890
2021-04-10,43862141614
2021-04-11,44526368624
2021-04-12,44487838877
2021-04-13,44632650834
2021-04-14,45573928455
2021-04-15,45913564175
2021-04-16,46600660619
2021-04-17,46916060116
2021-04-18,48045154807
2021-04-19,48468535908
2021-04-20,48238258549
2021-04-21,48839998447
2021-04-22,49035875172
2021-04-23,49709792710
2021-04-24,49565105986
2021-04-25,49429163167
2021-04-26,50495015134
2021-04-27,50207677416
2021-04-28,50130509261
2021-04-29,51191042585
2021-04-30,51288699069
2021-05-01,51250703448
2021-05-02,51707716414
2021-05-03,52025629416
2021-05-04,52400207094
2021-05-05,52464223020
2021-05-06,52943892216
2021-05-07,53755133296
2021-05-08,55069674379
2021-05-09,55408048002
2021-05-10,55851545524
2021-05-11,56507276804
2021-05-12,56782319238
2021-05-13,57835482256
2021-05-14,57528528354
2021-05-15,57947909871
2021-05-16,58093086780
2021-05-17,58576968140
2021-05-18,58738180827
2021-05-19,58110737322
2021-05-20,57844223554
2021-05-21,58735496391
2021-05-22,58564538631
2021-05-23,59938923543
2021-05-24,59779237244
2021-05-25,59974413991
2021-05-26,60377436586
2021-05-27,60804942594
2021-05-28,61012074048
2021-05-29,61385272171
2021-05-30,61365485214
2021-05-31,61679096604
2021-06-01,61662124698
2021-06-02,62255321142
2021-06-03,61872692492
2021-06-04,61854837885
2021-06-05,62200460093
2021-06-06,62382497245
2021-06-07,62750580532
2021-06-08,62462754560
2021-06-09,62765369075
2021-06-10,62776883637
2021-06-11,63268937484
2021-06-12,62856172114
2021-06-13,63310778731
2021-06-14,62701550948
2021-06-15,62914263463
2021-06-16,63136961739
2021-06-17,62586960828
2021-06-18,63099667999
2021-06-19,62836933197
2021-06-20,63288058373
2021-06-21,62908463833
2021-06-22,62259101772
2021-06-23,63243411880
2021-06-24,63237043450
2021-06-25,63103671351
2021-06-26,62814853079
2021-06-27,63831367436
2021-06-28,63352101913
2021-06-29,63200162143
2021-06-30,62688846708
2021-07-01,63058339992
2021-07-02,62867304022
2021-07-03,63097998785
2021-07-04,62976210905
2021-07-05,61950092497
2021-07-06,63035970991
2021-07-07,62831570441
2021-07-08,62489939152
2021-07-09,62818585928
2021-07-10,62806447336
2021-07-11,62896499699
2021-07-12,62507311613
2021-07-13,62694192572
2021-07-14,62883799620
2021-07-15,62473711903
2021-07-16,62590251633
2021-07-17,62096593805
2021-07-18,62387158566
2021-07-19,62708628940
2021-07-20,62425290225
2021-07-21,62300830480
2021-07-22,62429158871
2021-07-23,62227283240
2021-07-24,62239861018
2021-07-25,62293560257
2021-07-26,62214309621
2021-07-27,62588951686
2021-07-28,62503538466
2021-07-29,61676379981
2021-07-30,62325451426
2021-07-31,62250404980
2021-08-01,61991958446
2021-08-02,62483056034
2021-08-03,62301914372
2021-08-04,62836162356
2021-08-05,61623835820
2021-08-06,62255097346
2021-08-07,62393110690
2021-08-08,62372231255
2021-08-09,62625097626
2021-08-10,62849532383
2021-08-11,62640086076
2021-08-12,63038626861
2021-08-13,63340195620
2021-08-14,63143592957
2021-08-15,63513901496
2021-08-16,63759596158
2021-08-17,63937261841
2021-08-18,64489591362
2021-08-19,64546808592
2021-08-20,65040976809
2021-08-21,64826373396
2021-08-22,65062359702
2021-08-23,65690167126
2021-08-24,65170459070
2021-08-25,65575429059
2021-08-26,65866552767
2021-08-27,65427749144
2021-08-28,66024263475
2021-08-29,65955942015
2021-08-30,65950472602
2021-08-31,65855816916
2021-09-01,66266354140
2021-09-02,66123544218
2021-09-03,66062624291
2021-09-04,66730035258
2021-09-05,66778170178
2021-09-06,67228499319
2021-09-07,67903500886
2021-09-08,68184094814
2021-09-09,69684185964
2021-09-10,69703676974
2021-09-11,69081096174
2021-09-12,69425108014
2021-09-13,70800211304
2021-09-14,69652244315
2021-09-15,69753426471
2021-09-16,69479594351
2021-09-17,69643498537
2021-09-18,69941343681
2021-09-19,69663266574
2021-09-20,69848668132
2021-09-21,69538476426
2021-09-22,68543490649
2021-09-23,69594569833
2021-09-24,69615920997
2021-09-25,69912382384
2021-09-26,69890392747
2021-09-27,69933851143
2021-09-28,68807886691
2021-09-29,69121079443
2021-09-30,69822155273
2021-10-01,69656553878
2021-10-02,69225845065
2021-10-03,69274392179
2021-10-04,69264460391
2021-10-05,69282221336
2021-10-06,69199180756
2021-10-07,68955045729
2021-10-08,69290558719
2021-10-09,69404405336
2021-10-10,69400603293
2021-10-11,69370965697
2021-10-12,69993843399
2021-10-13,69825068087
2021-10-14,69998620735
2021-10-15,69703575350
2021-10-16,69649532671
2021-10-17,70342594550
2021-10-18,70116207186
2021-10-19,70101000413
2021-10-20,70207100409
2021-10-21,70101972340
2021-10-22,70308266231
2021-10-23,70985309518
2021-10-24,71156413504
2021-10-25,71016596949
2021-10-26,71106218837
2021-10-27,70930271896
2021-10-28,71031350874
2021-10-29,71240827429
2021-10-30,71453740694
2021-10-31,71592501390
2021-11-01,71151106006
2021-11-02,71343989792
2021-11-03,71675626811
2021-11-04,72138348989
2021-11-05,72667846010
2021-11-06,73373158689
2021-11-07,73245459836
2021-11-08,74146540725
2021-11-09,74814400683
2021-11-10,74866137956
2021-11-11,75453316594
2021-11-12,75005773739
2021-11-13,75396936892
2021-11-14,75356712423
2021-11-15,75694851198
2021-11-16,74983334420
2021-11-17,74756874546
2021-11-18,75510814038
2021-11-19,75026398216
2021-11-20,74833172845
2021-11-21,74744139921
2021-11-22,74514891547
2021-11-23,73944928320
2021-11-24,73601617088
2021-11-25,73521803149
2021-11-26,73213226699
2021-11-27,73765755990
2021-11-28,74027458396
2021-11-29,73926913074
2021-11-30,74226709927
2021-12-01,74140687485
2021-12-02,75061046825
2021-12-03,74706842540
2021-12-04,75207273422
2021-12-05,75268359324
2021-12-06,76710772023
2021-12-07,76477534132
2021-12-08,77503393274
2021-12-09,77327940869
2021-12-10,77007636370
2021-12-11,76589371223
2021-12-12,77203492009
2021-12-13,77315240613
2021-12-14,77072384175
2021-12-15,77621532543
2021-12-16,77693695882
2021-12-17,76990393274
2021-12-18,77180613783
2021-12-19,77302166682
2021-12-20,77106216976
2021-12-21,78073078092
2021-12-22,77724617680
2021-12-23,77558355094
2021-12-24,77696182521
2021-12-25,78110870912
2021-12-26,78173529768
2021-12-27,78284615079
2021-12-28,78080158291
2021-12-29,78221493637
2021-12-30,78249704094
2021-12-31,78546396905
2022-01-01,78285795057
2022-01-02,79221440895
2022-01-03,78519284091
2022-01-04,78463706371
2022-01-05,78399020670
2022-01-06,79010451803
2022-01-07,78731693917
2022-01-08,78662917120
2022-01-09,78115986493
2022-01-10,78013315604
2022-01-11,78567706013
2022-01-12,78587933730
2022-01-13,78558341157
2022-01-14,78314622138
2022-01-15,78534580154
2022-01-16,78306182759
2022-01-17,78447166988
2022-01-18,78610157322
2022-01-19,78385189731
2022-01-20,78299194807
2022-01-21,78288450521
2022-01-22,78087291157
2022-01-23,78645401451
2022-01-24,78308599642
2022-01-25,79081112160
2022-01-26,78381038515
2022-01-27,78881207485
2022-01-28,79272790832
2022-01-29,78392905111
2022-01-30,78614214636
2022-01-31,78344633253
2022-02-01,78189041987
2022-02-02,78129638659
2022-02-03,78189170812
2022-02-04,78173472467
2022-02-05,78494856290
2022-02-06,78098419342
2022-02-07,78191012280
2022-02-08,78198022610
2022-02-09,78153756696
2022-02-10,78104522393
2022-02-11,78645367858
2022-02-12,78671184184
2022-02-13,78688251091
2022-02-14,78727491533
2022-02-15,78649751658
2022-02-16,78588216526
2022-02-17,78792364015
2022-02-18,78856527589
2022-02-19,78760444315
2022-02-20,79323933939
2022-02-21,79245888320
2022-02-22,79543397991
2022-02-23,79340029396
2022-02-24,79785993458
2022-02-25,79723619291
2022-02-26,79671989976
2022-02-27,79876330282
2022-02-28,80056936322
2022-03-01,79546229975
2022-03-02,79377169750
2022-03-03,79952581892
2022-03-04,79681343752
2022-03-05,79967015588
2022-03-06,79992861379
2022-03-07,80167859615
2022-03-08,79901321802
2022-03-09,80083940400
2022-03-10,80059723281
2022-03-11,80121412741
2022-03-12,80098386875
2022-03-13,80113754857
2022-03-14,80186381180
2022-03-15,80048684548
2022-03-16,80084070240
2022-03-17,80154613074
2022-03-18,80253502143
2022-03-19,80638895127
2022-03-20,80759114699
2022-03-21,80803658691
2022-03-22,80742375395
2022-03-23,80813890280
2022-03-24,80617717555
2022-03-25,80896455674
2022-03-26,81269316709
2022-03-27,81265468997
2022-03-28,81097512900
2022-03-29,81163679752
2022-03-30,81643742495
2022-03-31,81880807976
2022-04-01,82111240613
2022-04-02,82128838509
2022-04-03,82243436567
2022-04-04,82445457405
2022-04-05,82498155772
2022-04-06,82484761060
2022-04-07,82403860025
2022-04-08,82527394584
2022-04-09,82652739236
2022-04-10,82660624852
2022-04-11,82791093566
2022-04-12,82713451635
2022-04-13,83007878594
2022-04-14,82866510722
2022-04-15,82897672411
2022-04-16,82809170080
2022-04-17,82877296154
2022-04-18,82885160812
2022-04-19,82857636762
2022-04-20,82759364479
2022-04-21,83021462214
2022-04-22,83171627191
2022-04-23,83194560472
2022-04-24,83282886230
2022-04-25,83239619633
2022-04-26,83153178313
2022-04-27,83256289983
2022-04-28,83141483801
2022-04-29,83110772708
2022-04-30,83330923492
2022-05-01,83697405339
2022-05-02,83382381193
2022-05-03,83190931320
2022-05-04,83331768886
2022-05-05,83158740796
2022-05-06,83302209355
2022-05-07,83348085462
2022-05-08,83491763869
2022-05-09,83246318700
2022-05-10,83173635948
2022-05-11,82690895711
2022-05-12,79485744715
2022-05-13,79485744715
2022-05-14,76734593140
2022-05-15,75698673625
2022-05-16,75711756793
2022-05-17,75711756793
2022-05-18,74158117512
2022-05-19,74167175832
2022-05-20,74181204620
2022-05-21,73255957132
2022-05-22,73221020878
2022-05-23,73235565369
2022-05-24,73228235215
2022-05-25,73228235215
2022-05-26,73227243445
2022-05-27,73232594340
2022-05-28,72499738788
2022-05-29,72504086805
2022-05-30,72535836322
2022-05-31,72524933627
2022-06-01,72526132987
2022-06-02,72600188405
2022-06-03,72528608901
2022-06-04,72530075149
2022-06-05,72519092421
2022-06-06,72522497401
2022-06-07,72410957660
2022-06-08,72410957660
2022-06-09,72425196492
2022-06-10,72492367357
2022-06-11,72499354970
2022-06-12,72466892931
2022-06-13,72291494924
2022-06-14,71503808611
2022-06-15,70822047451
2022-06-16,69967166460
2022-06-17,69174473605
2022-06-18,68176552326
2022-06-19,68130091450
2022-06-20,67863629322
2022-06-21,67447252726
2022-06-22,66939363765
2022-06-23,66962042573
2022-06-24,66948998007
2022-06-25,66841870663
2022-06-26,66847066311
2022-06-27,66856688413
2022-06-28,66824445663
2022-06-29,66791194933
2022-06-30,66463748713
2022-07-01,66279904942
2022-07-02,66633563590
2022-07-03,66637843079
2022-07-04,66494818098
2022-07-05,66451169903
2022-07-06,66451655940
2022-07-07,66446520644
2022-07-08,66405902703
2022-07-09,66471001674
2022-07-10,66432311434
2022-07-11,66465384770
2022-07-12,66465384770
2022-07-13,66426423702
2022-07-14,66355380035
2022-07-15,66317932148
2022-07-16,66317932148
2022-07-17,66349450274
2022-07-18,66356009511
2022-07-19,66333085532
2022-07-20,66320333624
2022-07-21,66323651600
2022-07-22,66286857515
2022-07-23,66292926498
2022-07-24,66292365071
2022-07-25,66296026642
2022-07-26,66292001560
2022-07-27,66310813115
2022-07-28,66285540449
2022-07-29,66382124061
2022-07-30,66507130316
2022-07-31,66651173201
2022-08-01,66651613631
2022-08-02,66759079429
2022-08-03,66871041771
2022-08-04,66870806792
2022-08-05,66936675543
2022-08-06,66929805958
2022-08-07,66929805958
2022-08-08,66917977720
2022-08-09,66917222982
2022-08-10,66963249874
2022-08-11,67208611295
2022-08-12,67359349669
2022-08-13,67504940563
2022-08-14,67744701896
2022-08-15,67429026810
2022-08-16,67581103763
2022-08-17,67569730696
2022-08-18,67551075729
2022-08-19,67550349634
2022-08-20,67548288243
2022-08-21,67554275317
2022-08-22,67546502387
2022-08-23,67538125618
2022-08-24,67538558573
2022-08-25,67551360806
2022-08-26,67637693999
2022-08-27,67548174005
2022-08-28,67554399518
2022-08-29,67545982884
2022-08-30,67548911675
2022-08-31,67552813300
2022-09-01,67551582890
2022-09-02,67551756492
2022-09-03,67550125170
2022-09-04,67552573842
2022-09-05,67549551675
2022-09-06,67542196487
2022-09-07,67547079304
2022-09-08,67547199534
2022-09-09,67550159729
2022-09-10,67556610985
2022-09-11,67676845587
2022-09-12,67742707863
2022-09-13,67821638257
2022-09-14,67898772162
2022-09-15,67883041497
2022-09-16,67923689321
2022-09-17,67923585946
2022-09-18,67920776064
2022-09-19,67923585944
2022-09-20,67956589961
2022-09-21,67966594001
2022-09-22,67975491267
2022-09-23,67951949274
2022-09-24,67949388004
2022-09-25,67950359007
2022-09-26,67952625135
2022-09-27,67951354338
2022-09-28,67950364285
2022-09-29,67947676809
2022-09-30,67954353699
2022-10-01,67948542706
2022-10-02,67949182064
2022-10-03,67944572025
2022-10-04,67947697335
2022-10-05,68074624852
2022-10-06,68218492035
2022-10-07,68226676713
2022-10-08,68328206686
2022-10-09,68376959555
2022-10-10,68375298920
2022-10-11,68420214759
2022-10-12,68415641082
2022-10-13,68415978378
2022-10-14,68414880928
2022-10-15,68427706686
2022-10-16,68432883242
2022-10-17,68432359085
2022-10-18,68437706685
2022-10-19,68451542494
2022-10-20,68453576637
2022-10-21,68447806562
2022-10-22,68448256112
2022-10-23,68452258966
2022-10-24,68448613412
2022-10-25,68478655756
2022-10-26,68511756739
2022-10-27,68727004424
2022-10-28,68892878369
2022-10-29,68977692179
2022-10-30,69116157095
2022-10-31,69271293754
2022-11-01,69415082044
2022-11-02,69338547020
2022-11-03,69340998807
2022-11-04,69352564431
2022-11-05,69354720562
2022-11-06,69437661896
2022-11-07,69421840658
2022-11-08,69518116385
2022-11-09,69877980214
2022-11-10,68208873249
2022-11-11,68152740757
2022-11-12,67271876433
2022-11-13,66345381026
2022-11-14,66291749922
2022-11-15,65956265903
2022-11-16,65894873297
2022-11-17,65875492621
2022-11-18,65888679588
2022-11-19,65869148638
2022-11-20,65841850776
2022-11-21,65796033621
2022-11-22,65431303413
2022-11-23,65457735740
2022-11-24,65274275864
2022-11-25,65302197652
2022-11-26,65335566807
2022-11-27,65321148012
2022-11-28,65316885047
2022-11-29,65326687971
2022-11-30,65256715971
2022-12-01,65352829103
2022-12-02,65359364386
2022-12-03,65443085957
2022-12-04,65495531803
2022-12-05,65492257484
2022-12-06,65572109061
2022-12-07,65675363712
2022-12-08,65672735697
2022-12-09,65697842712
2022-12-10,65698342212
2022-12-11,65698342212
2022-12-12,65698342212
2022-12-13,65795364654
2022-12-14,65977518212
2022-12-15,65967147441
2022-12-16,66030168212
2022-12-17,66046429818
2022-12-18,66160482663
2022-12-19,66155190882
2022-12-20,66203341240
2022-12-21,66233093212
2022-12-22,66237845405
2022-12-23,66234588490
2022-12-24,66237795405
2022-12-25,66237795405
2022-12-26,66237795405
2022-12-27,66240744514
2022-12-28,66220423316
2022-12-29,66221318672
2022-12-30,66231184474
2022-12-31,66223237023
2023-01-01,66237201876
2023-01-02,66229859346
2023-01-03,66233172164
2023-01-04,66232840220
2023-01-05,66236484982
2023-01-06,66238632792
2023-01-07,66243602677
2023-01-08,66247923826
2023-01-09,66275348317
2023-01-10,66265138847
2023-01-11,66263599730
2023-01-12,66265897676
2023-01-13,66270292018
2023-01-14,66270814051
2023-01-15,66354669258
2023-01-16,66374033440
2023-01-17,66485923929
2023-01-18,66492831604
2023-01-19,66477485276
2023-01-20,66476820501
2023-01-21,66484133025
2023-01-22,66703495301
2023-01-23,66765654159
2023-01-24,66847055676
2023-01-25,67039191545
2023-01-26,67187728354
2023-01-27,67335036407
2023-01-28,67517343369
2023-01-29,67639905326
2023-01-30,67778453765
2023-01-31,67806044005
2023-02-01,67798826675
2023-02-02,67815863019
2023-02-03,68036211442
2023-02-04,68028048893
2023-02-05,68071573715
2023-02-06,68073000195
2023-02-07,68181990160
2023-02-08,68184621866
2023-02-09,68178436345
2023-02-10,68187940008
2023-02-11,68318922892
2023-02-12,68388188510
2023-02-13,68412500195
2023-02-14,69157627122
2023-02-15,69512709640
2023-02-16,69794648104
2023-02-17,70153203879
2023-02-18,70286590658
2023-02-19,70415905100
2023-02-20,70415867086
2023-02-21,70436679657
2023-02-22,70461120891
2023-02-23,70591325939
2023-02-24,70688492884
2023-02-25,70791940347
2023-02-26,70846363789
2023-02-27,70876378483
2023-02-28,70919778481
2023-03-01,70968174583
2023-03-02,71063250396
2023-03-03,71109533437
2023-03-04,71356058935
2023-03-05,71438255243
2023-03-06,71479265039
2023-03-07,71581963508
2023-03-08,71722058691
2023-03-09,71725958692
2023-03-10,71792276224
2023-03-11,72291373373
2023-03-12,72120358309
2023-03-13,73283028734
2023-03-14,73183773107
2023-03-15,73473760305
2023-03-16,74692029566
2023-03-17,75614823945
2023-03-18,76554536232
2023-03-19,76823190941
2023-03-20,76635317270
2023-03-21,77694409633
2023-03-22,77893564136
2023-03-23,78243089847
2023-03-24,78871146827
2023-03-25,79568045897
2023-03-26,79711413324
2023-03-27,79176880832
2023-03-28,79528056028
2023-03-29,79593057824
2023-03-30,79633547900
2023-03-31,79904009619
2023-04-01,79766196973
2023-04-02,79766196973
2023-04-03,79955101474
2023-04-04,80061128106
2023-04-05,80077211664
2023-04-06,80180533983
2023-04-07,80268223491
2023-04-08,80273380845
2023-04-09,80363594033
2023-04-10,80203187657
2023-04-11,80503925004
2023-04-12,80523709558
2023-04-13,80731588297
2023-04-14,80999225951
2023-04-15,81058254514
2023-04-16,80994375051
2023-04-17,80923461589
2023-04-18,81133975239
2023-04-19,81164195713
2023-04-20,81372689700
2023-04-21,81397398449
2023-04-22,80620559312
2023-04-23,81512950158
2023-04-24,81522960158
2023-04-25,81609928404
2023-04-26,81566488286
2023-04-27,81825900442
2023-04-28,81768396221
2023-04-29,81851142869
2023-04-30,81779465088
2023-05-01,81789475092
2023-05-02,81872638699
2023-05-03,82018490828
2023-05-04,82057450732
2023-05-05,82052222893
2023-05-06,82232217802
2023-05-07,82237227797
2023-05-08,82058136655
2023-05-09,82407679458
2023-05-10,82630992515
2023-05-11,82681713715
2023-05-12,82795872918
2023-05-13,82949452973
2023-05-14,82866669088
2023-05-15,82887081554
2023-05-16,82892086547
2023-05-17,82914914794
2023-05-18,82840018135
2023-05-19,82843573932
2023-05-20,82895728300
2023-05-21,82983629023
2023-05-22,82905728289
2023-05-23,82949208885
2023-05-24,83096587524
2023-05-25,83049248000
2023-05-26,83047999631
2023-05-27,83098239535
2023-05-28,83085039920
2023-05-29,83186342769
2023-05-30,83078793317
2023-05-31,83135276538
2023-06-01,83281686114
2023-06-02,83222845215
2023-06-03,83211773718
2023-06-04,83133645068
2023-06-05,83138645060
2023-06-06,83195143057
2023-06-07,83264482931
2023-06-08,83360868858
2023-06-09,83464345326
2023-06-10,83329997419
2023-06-11,83427007721
2023-06-12,83432012721
2023-06-13,83462067412
2023-06-14,83505217924
2023-06-15,83539459054
2023-06-16,83411982191
2023-06-17,83491500891
2023-06-18,83138397964
2023-06-19,83124427752
2023-06-20,83123427433
2023-06-21,83416435930
2023-06-22,83139152980
2023-06-23,83120533427
2023-06-24,83126689056
2023-06-25,83355547655
2023-06-26,83168628702
2023-06-27,83214509943
2023-06-28,83472308355
2023-06-29,83218925627
2023-06-30,83343774906
2023-07-01,83320859006
2023-07-02,83303778230
2023-07-03,83307610989
2023-07-04,83331873579
2023-07-05,83333734068
2023-07-06,83295588022
2023-07-07,83286152715
2023-07-08,83421106762
2023-07-09,83337768983
2023-07-10,83266954932
2023-07-11,83307041104
2023-07-12,83352634014
2023-07-13,83357216574
2023-07-14,83496653252
2023-07-15,83676595996
2023-07-16,83701143467
2023-07-17,83628525930
2023-07-18,83729629319
2023-07-19,83784430445
2023-07-20,83730306939
2023-07-21,83798446907
2023-07-22,83775338994
2023-07-23,83864119328
2023-07-24,83780338989
2023-07-25,83776962706
2023-07-26,83789146039
2023-07-27,83878723305
2023-07-28,83796155530
2023-07-29,83803836403
2023-07-30,83774337453
2023-07-31,83797285742
2023-08-01,83866668319
2023-08-02,83857171498
2023-08-03,83855454636
2023-08-04,83835156582
2023-08-05,83742625107
2023-08-06,83792031429
2023-08-07,83734320818
2023-08-08,83452899346
2023-08-09,83477652370
2023-08-10,83389373846
2023-08-11,83359474018
2023-08-12,83321948337
2023-08-13,83342878723
2023-08-14,83343295663
2023-08-15,83328343478
2023-08-16,83082121071
2023-08-17,82820995155
2023-08-18,82740286529
2023-08-19,82788657219
2023-08-20,82747742356
2023-08-21,82823608782
2023-08-22,82826097691
2023-08-23,82815209561
2023-08-24,82798717222
2023-08-25,82826258267
2023-08-26,82810006505
2023-08-27,82751198109
2023-08-28,82773976009
2023-08-29,82781936003
2023-08-30,82836705499
2023-08-31,82826068346
2023-09-01,82765281894
2023-09-02,82861296695
2023-09-03,82877292012
2023-09-04,82877292012
2023-09-05,82848493517
2023-09-06,82879652237
2023-09-07,82865513708
2023-09-08,82821764818
2023-09-09,82961584342
2023-09-10,82981419758
2023-09-11,83076364174
2023-09-12,82977303932
2023-09-13,83001549694
2023-09-14,83006535445
2023-09-15,83019048237
2023-09-16,83019048236
2023-09-17,83019048236
2023-09-18,83019048236
2023-09-19,83041508687
2023-09-20,83222641103
2023-09-21,83160240300
2023-09-22,83076676547
2023-09-23,83178483701
2023-09-24,83180866470
2023-09-25,83180866470
2023-09-26,83185008082
2023-09-27,83202933855
2023-09-28,83248340765
2023-09-29,83253698407
2023-09-30,83160754105
2023-10-01,83232172676
2023-10-02,83220106101
2023-10-03,83317986709
2023-10-04,83342217736
2023-10-05,83344022138
2023-10-06,83463049860
2023-10-07,83496479909
2023-10-08,83451566842
2023-10-09,83535018409
2023-10-10,83555541131
2023-10-11,83475174845
2023-10-12,83489452588
2023-10-13,83444883298
2023-10-14,83493443404
2023-10-15,83501125784
2023-10-16,83503204953
2023-10-17,83502236079
2023-10-18,83658558996
2023-10-19,83875799695
2023-10-20,83902581464
2023-10-21,84214389454
2023-10-22,84131359672
2023-10-23,84142359672
2023-10-24,84432650361
2023-10-25,84180828367
2023-10-26,84453054592
2023-10-27,84487655718
2023-10-28,84515238111
2023-10-29,84515238111
2023-10-30,84599753349
2023-10-31,84649163106
2023-11-01,84767046575
2023-11-02,84934312447
2023-11-03,85137597197
2023-11-04,85415214029
2023-11-05,85425224028
2023-11-06,85453352126
2023-11-07,85712109690
2023-11-08,86145267070
2023-11-09,86236089163
2023-11-10,86489374731
2023-11-11,86738442408
2023-11-12,86757241924
2023-11-13,86754712796
2023-11-14,87136449207
2023-11-15,87258995824
2023-11-16,87364348945
2023-11-17,87589526057
2023-11-18,87650408687
2023-11-19,87753374396
2023-11-20,87688283686
2023-11-21,88087213780
2023-11-22,88369058838
2023-11-23,88438827710
2023-11-24,88486990065
2023-11-25,88772134256
2023-11-26,88789651756
2023-11-27,88755950804
2023-11-28,88897224190
2023-11-29,89140885871
2023-11-30,89343105329
2023-12-01,89317080453
2023-12-02,89499174101
2023-12-03,89569124098
2023-12-04,89709343821
2023-12-05,89771965681
2023-12-06,90095805311
2023-12-07,90040209002
2023-12-08,90228000442
2023-12-09,90307767897
2023-12-10,90561569096
2023-12-11,90501094898
2023-12-12,90788011889
2023-12-13,90528056603
2023-12-14,90565337799
2023-12-15,90750575813
2023-12-16,90757848534
2023-12-17,90814015237
2023-12-18,90789021963
2023-12-19,90706337371
2023-12-20,90852195037
2023-12-21,90997478400
2023-12-22,91042674797
2023-12-23,91166134358
2023-12-24,91324167292
2023-12-25,91276455285
2023-12-26,91298065200
2023-12-27,91315534130
2023-12-28,91518442108
2023-12-29,91497677422
2023-12-30,91743380100
2023-12-31,91768770464
2024-01-01,91665918562
2024-01-02,91957173752
2024-01-03,92020117112
2024-01-04,92356526357
2024-01-05,92873224702
2024-01-06,93320401318
2024-01-07,93621529319
2024-01-08,93585145320
2024-01-09,94057456783
2024-01-10,94228636696
2024-01-11,94685834131
2024-01-12,94980329573
2024-01-13,94942211254
2024-01-14,94959118221
2024-01-15,95077941897
2024-01-16,95014535787
2024-01-17,95068943281
2024-01-18,95040194578
2024-01-19,94924423335
2024-01-20,94907011924
2024-01-21,94845722752
2024-01-22,94791054938
2024-01-23,94865026114
2024-01-24,95659508140
2024-01-25,95512228464
2024-01-26,95543581705
2024-01-27,95967218711
2024-01-28,95969099987
2024-01-29,96019704040
2024-01-30,96040095474
2024-01-31,96140512112
2024-02-01,96000234428
2024-02-02,96305147414
2024-02-03,96202494292
2024-02-04,96135237584
2024-02-05,96181869124
2024-02-06,96064849275
2024-02-07,96080918392
2024-02-08,96269428997
2024-02-09,96289571761
2024-02-10,96208378383
2024-02-11,96425207261
2024-02-12,96558720640
2024-02-13,96637770433
2024-02-14,96787758381
2024-02-15,97336247917
2024-02-16,97304868931
2024-02-17,97634647604
2024-02-18,97742174104
2024-02-19,97664260351
2024-02-20,97666842000
2024-02-21,97787711855
2024-02-22,97712632144
2024-02-23,97751167575
2024-02-24,97897857760
2024-02-25,97836769496
2024-02-26,97888948753
2024-02-27,98076466747
2024-02-28,98378060190
2024-02-29,98654376826
2024-03-01,98932984696
2024-03-02,99272633719
2024-03-03,99422260259
2024-03-04,99724901849
2024-03-05,100238894972
2024-03-06,100534835759
2024-03-07,100622511924
2024-03-08,101241417082
2024-03-09,101789628700
2024-03-10,102016381296
2024-03-11,102012255784
2024-03-12,102367141199
2024-03-13,102759639775
2024-03-14,103227274219
2024-03-15,103463082823
2024-03-16,103514693506
2024-03-17,103506480428
2024-03-18,103368853847
2024-03-19,103656755951
2024-03-20,104078947607
2024-03-21,103892152366
2024-03-22,104146152650
2024-03-23,103950511982
2024-03-24,104101505605
2024-03-25,103871776944
2024-03-26,104231823342
2024-03-27,104350179944
2024-03-28,104542722577
2024-03-29,104488442732
2024-03-30,104467632908
2024-03-31,104593960679
2024-04-01,104430769909
2024-04-02,104583887620
2024-04-03,105162325065
2024-04-04,106235038539
2024-04-05,106577367562
2024-04-06,106897421348
2024-04-07,106876390717
2024-04-08,106813371160
2024-04-09,106940561216
2024-04-10,107111455988
2024-04-11,107193158226
2024-04-12,107384743432
2024-04-13,107437724782
2024-04-14,107634212916
2024-04-15,107695174387
2024-04-16,108172906462
2024-04-17,108850326877
2024-04-18,109037057960
2024-04-19,109626703875
2024-04-20,109818107184
2024-04-21,109834873894
2024-04-22,109770538268
2024-04-23,110176193831
2024-04-24,110322541426
2024-04-25,110356203973
2024-04-26,110338434563
2024-04-27,110235570648
2024-04-28,110245517579
2024-04-29,110265964617
2024-04-30,110324811294
2024-05-01,110376575387
2024-05-02,110209255303
2024-05-03,110314646299
2024-05-04,110613549804
2024-05-05,110745496055
2024-05-06,110636188433
2024-05-07,110932445060
2024-05-08,110782806360
2024-05-09,110741959662
2024-05-10,110736343640
2024-05-11,110519575313
2024-05-12,110603634065
2024-05-13,110573815188
2024-05-14,110595556329
2024-05-15,110662498986
2024-05-16,110717237401
2024-05-17,110899115803
2024-05-18,111016525058
2024-05-19,111124893148
2024-05-20,111128449259
2024-05-21,111052418306
2024-05-22,111409831620
2024-05-23,111427321786
2024-05-24,111572269413
2024-05-25,111550949298
2024-05-26,111588108133
2024-05-27,111560113627
2024-05-28,111500832530
2024-05-29,111440850787
2024-05-30,111469246211
2024-05-31,111547940808
2024-06-01,111670666791
2024-06-02,111742411880
2024-06-03,111768176445
2024-06-04,112253386803
2024-06-05,112246152774
2024-06-06,112315084780
2024-06-07,112350781269
2024-06-08,112364113019
2024-06-09,112352062755
2024-06-10,112352057250
2024-06-11,112400182740
2024-06-12,112403196183
2024-06-13,112392502753
2024-06-14,112360161557
2024-06-15,112438892495
2024-06-16,112404705952
2024-06-17,112469528689
2024-06-18,112434908442
2024-06-19,112429308678
2024-06-20,112422743974
2024-06-21,112727670160
2024-06-22,112768729394
2024-06-23,112745185060
2024-06-24,112712121558
2024-06-25,112837386516
2024-06-26,112675718651
2024-06-27,112501741675
2024-06-28,112456905562
2024-06-29,112511901163
2024-06-30,112633305704
2024-07-01,112644085827
2024-07-02,112528906376
2024-07-03,112414097319
2024-07-04,112321847819
2024-07-05,112468091106
2024-07-06,112245912309
2024-07-07,112181849713
2024-07-08,112192511744
2024-07-09,112141060909
2024-07-10,112268563180
2024-07-11,112364578514
2024-07-12,112371024626
2024-07-13,112527287879
2024-07-14,112469048012
2024-07-15,112651587060
2024-07-16,112977167082
2024-07-17,113216677692
2024-07-18,113605223018
2024-07-19,113678352175
2024-07-20,114201306550
2024-07-21,114015056195
2024-07-22,114180894195
2024-07-23,114307338921
2024-07-24,114433699332
2024-07-25,114424345507
2024-07-26,114315607314
2024-07-27,114325513751
2024-07-28,114459557936
2024-07-29,114459214526
2024-07-30,114513725531
2024-07-31,114518259273
2024-08-01,114662166761
2024-08-02,114667956088
2024-08-03,114709383647
2024-08-04,114694368645
2024-08-05,114694368645
2024-08-06,114572011258
2024-08-07,114556867042
2024-08-08,115656673750
2024-08-09,115532191788
2024-08-10,115574281399
2024-08-11,115445826851
2024-08-12,115756322080
2024-08-13,115889054746
2024-08-14,116129081961
2024-08-15,116650846694
2024-08-16,116699423797
2024-08-17,116833969260
2024-08-18,116887299260
2024-08-19,116888957760
2024-08-20,116995756969
2024-08-21,117262503316
2024-08-22,117371515154
2024-08-23,117648169338
2024-08-24,117627722034
2024-08-25,117960181426
2024-08-26,117826540080
2024-08-27,117910201291
2024-08-28,118055107985
2024-08-29,118071957569
2024-08-30,118195672005
2024-08-31,118210924869
2024-09-01,118025215506
2024-09-02,118329335994
2024-09-03,118081163534
2024-09-04,118120984280
2024-09-05,118128267807
2024-09-06,118099392311
2024-09-07,118133075576
2024-09-08,118094548512
2024-09-09,118177509123
2024-09-10,118539409927
2024-09-11,118433539059
2024-09-12,118416549802
2024-09-13,118373416045
2024-09-14,118608616138
2024-09-15,119047660344
2024-09-16,118931099377
2024-09-17,118689782497
2024-09-18,118972104600
2024-09-19,118896720603
2024-09-20,118997000159
2024-09-21,119161364466
2024-09-22,119276518054
2024-09-23,119157360693
2024-09-24,119209005948
2024-09-25,119190344327
2024-09-26,119274429856
2024-09-27,119347429356
2024-09-28,119381689597
2024-09-29,119406925003
2024-09-30,119462461852
2024-10-01,119594589074
2024-10-02,119650346135
2024-10-03,119633735737
2024-10-04,119613458484
2024-10-05,119613173396
2024-10-06,120029038935
2024-10-07,119268972945
2024-10-08,119800509802
2024-10-09,119733298919
2024-10-10,119728449348
2024-10-11,119678684469
2024-10-12,119713343886
2024-10-13,119731227066
2024-10-14,119970689520
2024-10-15,119759196663
2024-10-16,119729083804
2024-10-17,119849731302
2024-10-18,119987498938
2024-10-19,120061403581
2024-10-20,120029907529
2024-10-21,119892595237
2024-10-22,120113836282
2024-10-23,120080509533
2024-10-24,120108145288
2024-10-25,119682255894
2024-10-26,120083115641
2024-10-27,120157096379
2024-10-28,120439762853
2024-10-29,119942921071
2024-10-30,120436072197
2024-10-31,120421539375
2024-11-01,120343914501
2024-11-02,120512798318
2024-11-03,120349357582
2024-11-04,120534696883
2024-11-05,120625494594
2024-11-06,120624809985
2024-11-07,121715931940
2024-11-08,122159677788
2024-11-09,123092672428
2024-11-10,123358597847
2024-11-11,124088086130
2024-11-12,124397201722
2024-11-13,125748139313
2024-11-14,126954639103
2024-11-15,127796508638
2024-11-16,127748815871
2024-11-17,127768384715
2024-11-18,127923523973
2024-11-19,128639369370
2024-11-20,129260594783
2024-11-21,130635888006
2024-11-22,131330250660
2024-11-23,132471840504
2024-11-24,133057084002
2024-11-25,133077645696
2024-11-26,132742165686
2024-11-27,133001429150
2024-11-28,133559399262
2024-11-29,134105477258
2024-11-30,134348417470
2024-12-01,134526833490
2024-12-02,134611017547
2024-12-03,135282385653
2024-12-04,135473574254
2024-12-05,136317523367
2024-12-06,137112253358
